<?xml version="1.0" encoding="UTF-8"?>
<addon
  id="plugin.video.SportsDevil"
  version="3 (build 20170531)"
  name="SportsDevil"
  provider-name="SportsDevil">
  <requires>
   <import addon="xbmc.python" version="2.14.0"/>
   <import addon="script.module.dateutil" />
   <import addon="script.module.simplejson" />
   <import addon="script.module.six" />
   <import addon="script.module.requests" />
   <import addon="script.module.livestreamer" />
   <!--<import addon="script.video.F4mProxy" />
   <import addon="plugin.video.f4mTester" />-->
  </requires>
  <extension 
    point="xbmc.python.pluginsource"
    library="default.py">
   <provides>video</provides>
  </extension>
  <extension point="xbmc.service" library="service/proxy_service.py" start="startup" />
  <extension point="xbmc.addon.metadata">
    <summary>Play videos of different sports streaming sites</summary>
    <description>Play videos of different sports streaming sites</description>
    <license>GNU GENERAL PUBLIC LICENSE. Version 2, June 1991</license>
    <platform>all</platform>
  </extension>
</addon>
